锘縫roduct_id,title,genres,emotions
1,袠褋褌芯褉懈褟 懈谐褉褍褕械泻 (1995),Adventure|Animation|Children|Comedy|Fantasy,胁械褋械谢芯械
2,袛卸褍屑邪薪写卸懈 (1995),Adventure|Children|Fantasy,胁芯谢褕械斜薪芯械|锌褉懈泻谢褞褔械薪褔械褋泻芯械|褋械屑械泄薪芯械
3,小褌邪褉懈泻懈-谐褉械泻懈 2 (1995),Comedy|Romance,胁械褋械谢芯械
4,袞写懈 屑械薪褟 写芯屑邪 (1995),Comedy|Drama|Romance,胁械褋械谢芯械
5,袧械胁械褋褌邪 芯褌褑邪 2 (1995),Comedy,胁械褋械谢芯械
6,啸懈褌褉芯褋褌褜 (1995),Action|Crime|Thriller,写懈薪邪屑懈褔薪芯械|薪邪锌褉褟卸褢薪薪芯械
7,小邪斜褉懈薪邪 (1995),Comedy|Romance,胁械褋械谢芯械
8,孝芯屑 懈 袚械泻泻 (1995),Adventure|Children,锌褉懈泻谢褞褔械薪褔械褋泻芯械|褋械屑械泄薪芯械
9,袙薪械蟹邪锌薪邪褟 褋屑械褉褌褜 (1995),Action,写懈薪邪屑懈褔薪芯械
10,袟芯谢芯褌芯泄 谐谢邪蟹 (1995),Action|Adventure|Thriller,写懈薪邪屑懈褔薪芯械|薪邪锌褉褟卸褢薪薪芯械|锌褉懈泻谢褞褔械薪褔械褋泻芯械
11,袗屑械褉懈泻邪薪褋泻懈泄 锌褉械蟹懈写械薪褌 (1995),Comedy|Drama|Romance,胁械褋械谢芯械
12,袛褉邪泻褍谢邪: 袦褢褉褌胁褘泄 懈 写芯胁芯谢褜薪褘泄 (1995),Comedy|Horror,胁械褋械谢芯械
13,袘邪谢褌芯 (1995),Adventure|Animation|Children,谢褢谐泻芯械|锌褉懈泻谢褞褔械薪褔械褋泻芯械|褋械屑械泄薪芯械
14,袧懈泻褋芯薪 (1995),Drama,褝屑芯褑懈芯薪邪谢褜薪芯械
15,袨褋褌褉芯胁 褋芯泻褉芯胁懈褖 (1995),Action|Adventure|Romance,写懈薪邪屑懈褔薪芯械|锌褉懈泻谢褞褔械薪褔械褋泻芯械|褉芯屑邪薪褌懈褔械褋泻芯械
16,袣邪蟹懈薪芯 (1995),Crime|Drama,薪邪锌褉褟卸褢薪薪芯械|褝屑芯褑懈芯薪邪谢褜薪芯械
17,袪邪蟹褍屑 懈 褔褍胁褋褌胁邪 (1995),Drama|Romance,褉芯屑邪薪褌懈褔械褋泻芯械
18,小械屑褜 (1995),Crime|Mystery|Thriller,蟹邪谐邪写芯褔薪芯械|薪邪锌褉褟卸褢薪薪芯械
19,袗屑械褉懈泻邪薪褋泻懈泄 泻芯褋屑芯薪邪胁褌 (1995),Comedy|Drama,胁械褋械谢芯械
20,袣褉邪褋芯褌泻邪 (1995),Comedy|Romance,胁械褋械谢芯械
21,袦邪褌褉懈褑邪 (1999),Action|Sci-Fi|Thriller,写懈薪邪屑懈褔薪芯械|薪邪锌褉褟卸褢薪薪芯械|褎褍褌褍褉懈褋褌懈褔械褋泻芯械
22,袣褉褢褋褌薪褘泄 芯褌械褑 (1972),Crime|Drama,薪邪锌褉褟卸褢薪薪芯械|褝屑芯褑懈芯薪邪谢褜薪芯械
23,袣褉褢褋褌薪褘泄 芯褌械褑 2 (1974),Crime|Drama,薪邪锌褉褟卸褢薪薪芯械|褝屑芯褑懈芯薪邪谢褜薪芯械
24,孝褢屑薪褘泄 褉褘褑邪褉褜 (2008),Action|Crime|Drama|Thriller,写懈薪邪屑懈褔薪芯械|薪邪锌褉褟卸褢薪薪芯械|褝屑芯褑懈芯薪邪谢褜薪芯械
25,袩芯斜械谐 懈蟹 楔芯褍褕械薪泻邪 (1994),Crime|Drama,薪邪锌褉褟卸褢薪薪芯械|褝屑芯褑懈芯薪邪谢褜薪芯械
26,小锌懈褋芯泻 楔懈薪写谢械褉邪 (1993),Drama|War,写褉邪屑邪褌懈褔薪芯械|褝屑芯褑懈芯薪邪谢褜薪芯械
27,肖芯褉褉械褋褌 袚邪屑锌 (1994),Comedy|Drama|Romance,胁械褋械谢芯械
28,袘芯泄褑芯胁褋泻懈泄 泻谢褍斜 (1999),Drama|Thriller,薪邪锌褉褟卸褢薪薪芯械|褝屑芯褑懈芯薪邪谢褜薪芯械
29,袠薪褑械锌褑懈褟 (2010),Action|Crime|Drama|Mystery|Sci-Fi|Thriller,写懈薪邪屑懈褔薪芯械|蟹邪谐邪写芯褔薪芯械|薪邪锌褉褟卸褢薪薪芯械|褎褍褌褍褉懈褋褌懈褔械褋泻芯械|褝屑芯褑懈芯薪邪谢褜薪芯械
30,袟胁褢蟹写薪褘械 胁芯泄薪褘: 协锌懈蟹芯写 IV (1977),Action|Adventure|Fantasy|Sci-Fi,胁芯谢褕械斜薪芯械|写懈薪邪屑懈褔薪芯械|锌褉懈泻谢褞褔械薪褔械褋泻芯械|褎褍褌褍褉懈褋褌懈褔械褋泻芯械
31,孝懈褌邪薪懈泻 (1997),Drama|Romance,褉芯屑邪薪褌懈褔械褋泻芯械
32,袗胁邪褌邪褉 (2009),Action|Adventure|Fantasy|Sci-Fi,胁芯谢褕械斜薪芯械|写懈薪邪屑懈褔薪芯械|锌褉懈泻谢褞褔械薪褔械褋泻芯械|褎褍褌褍褉懈褋褌懈褔械褋泻芯械
33,袚谢邪写懈邪褌芯褉 (2000),Action|Adventure|Drama,写懈薪邪屑懈褔薪芯械|锌褉懈泻谢褞褔械薪褔械褋泻芯械|褝屑芯褑懈芯薪邪谢褜薪芯械
34,袩懈褉邪褌褘 袣邪褉懈斜褋泻芯谐芯 屑芯褉褟 (2003),Action|Adventure|Fantasy,胁芯谢褕械斜薪芯械|写懈薪邪屑懈褔薪芯械|锌褉懈泻谢褞褔械薪褔械褋泻芯械
35,袚邪褉褉懈 袩芯褌褌械褉 懈 褎懈谢芯褋芯褎褋泻懈泄 泻邪屑械薪褜 (2001),Adventure|Children|Fantasy,胁芯谢褕械斜薪芯械|锌褉懈泻谢褞褔械薪褔械褋泻芯械|褋械屑械泄薪芯械
36,袙谢邪褋褌械谢懈薪 泻芯谢械褑: 袘褉邪褌褋褌胁芯 泻芯谢褜褑邪 (2001),Adventure|Fantasy,胁芯谢褕械斜薪芯械|锌褉懈泻谢褞褔械薪褔械褋泻芯械
37,袧邪褔邪谢芯 (2010),Action|Crime|Drama|Mystery|Sci-Fi|Thriller,写懈薪邪屑懈褔薪芯械|蟹邪谐邪写芯褔薪芯械|薪邪锌褉褟卸褢薪薪芯械|褎褍褌褍褉懈褋褌懈褔械褋泻芯械|褝屑芯褑懈芯薪邪谢褜薪芯械
38,袠薪褌械褉褋褌械谢谢邪褉 (2014),Adventure|Drama|Sci-Fi,锌褉懈泻谢褞褔械薪褔械褋泻芯械|褎褍褌褍褉懈褋褌懈褔械褋泻芯械|褝屑芯褑懈芯薪邪谢褜薪芯械
39,袛卸芯泻械褉 (2019),Crime|Drama|Thriller,薪邪锌褉褟卸褢薪薪芯械|褝屑芯褑懈芯薪邪谢褜薪芯械
40,袩邪褉邪蟹懈褌褘 (2019),Comedy|Drama|Thriller,胁械褋械谢芯械
41,1+1 (2011),Biography|Comedy|Drama,胁械褋械谢芯械
42,袙芯谢泻 褋 校芯谢谢-褋褌褉懈褌 (2013),Biography|Comedy|Crime|Drama,胁械褋械谢芯械
43,袦褋褌懈褌械谢懈 (2012),Action|Adventure|Sci-Fi,写懈薪邪屑懈褔薪芯械|锌褉懈泻谢褞褔械薪褔械褋泻芯械|褎褍褌褍褉懈褋褌懈褔械褋泻芯械
44,效械谢芯胁械泻-锌邪褍泻: 袙写邪谢懈 芯褌 写芯屑邪 (2019),Action|Adventure|Sci-Fi,写懈薪邪屑懈褔薪芯械|锌褉懈泻谢褞褔械薪褔械褋泻芯械|褎褍褌褍褉懈褋褌懈褔械褋泻芯械
45,啸懈褖薪懈泻 (1987),Action|Sci-Fi|Thriller,写懈薪邪屑懈褔薪芯械|薪邪锌褉褟卸褢薪薪芯械|褎褍褌褍褉懈褋褌懈褔械褋泻芯械
46,效褍卸芯泄 (1979),Horror|Sci-Fi,褋褌褉邪褕薪芯械|褎褍褌褍褉懈褋褌懈褔械褋泻芯械
47,孝械褉屑懈薪邪褌芯褉 2 (1991),Action|Sci-Fi,写懈薪邪屑懈褔薪芯械|褎褍褌褍褉懈褋褌懈褔械褋泻芯械
48,袧邪蟹邪写 胁 斜褍写褍褖械械 (1985),Adventure|Comedy|Sci-Fi,胁械褋械谢芯械
49,袣懈薪谐-袣芯薪谐 (2005),Action|Adventure|Drama|Fantasy|Thriller,胁芯谢褕械斜薪芯械|写懈薪邪屑懈褔薪芯械|薪邪锌褉褟卸褢薪薪芯械|锌褉懈泻谢褞褔械薪褔械褋泻芯械|褝屑芯褑懈芯薪邪谢褜薪芯械
50,袗谢懈褋邪 胁 小褌褉邪薪械 褔褍写械褋 (2010),Adventure|Family|Fantasy,胁芯谢褕械斜薪芯械|锌褉懈泻谢褞褔械薪褔械褋泻芯械
51,袦褋褌懈褌械谢懈: 肖懈薪邪谢 (2019),Action|Adventure|Drama|Sci-Fi,写懈薪邪屑懈褔薪芯械|锌褉懈泻谢褞褔械薪褔械褋泻芯械|褎褍褌褍褉懈褋褌懈褔械褋泻芯械|褝屑芯褑懈芯薪邪谢褜薪芯械
52,啸芯斜斜懈褌: 袧械卸写邪薪薪芯械 锌褍褌械褕械褋褌胁懈械 (2012),Adventure|Fantasy,胁芯谢褕械斜薪芯械|锌褉懈泻谢褞褔械薪褔械褋泻芯械
53,啸芯斜斜懈褌: 袩褍褋褌芯褕褜 小屑邪褍谐邪 (2013),Adventure|Fantasy,胁芯谢褕械斜薪芯械|锌褉懈泻谢褞褔械薪褔械褋泻芯械
54,啸芯斜斜懈褌: 袘懈褌胁邪 锌褟褌懈 胁芯懈薪褋褌胁 (2014),Adventure|Fantasy|War,胁芯谢褕械斜薪芯械|写褉邪屑邪褌懈褔薪芯械|锌褉懈泻谢褞褔械薪褔械褋泻芯械
55,袚邪褉褉懈 袩芯褌褌械褉 懈 孝邪泄薪邪褟 泻芯屑薪邪褌邪 (2002),Adventure|Children|Fantasy,胁芯谢褕械斜薪芯械|锌褉懈泻谢褞褔械薪褔械褋泻芯械|褋械屑械泄薪芯械
56,袚邪褉褉懈 袩芯褌褌械褉 懈 褍蟹薪懈泻 袗蟹泻邪斜邪薪邪 (2004),Adventure|Children|Fantasy,胁芯谢褕械斜薪芯械|锌褉懈泻谢褞褔械薪褔械褋泻芯械|褋械屑械泄薪芯械
57,袚邪褉褉懈 袩芯褌褌械褉 懈 袣褍斜芯泻 芯谐薪褟 (2005),Adventure|Children|Fantasy,胁芯谢褕械斜薪芯械|锌褉懈泻谢褞褔械薪褔械褋泻芯械|褋械屑械泄薪芯械
58,袚邪褉褉懈 袩芯褌褌械褉 懈 袨褉写械薪 肖械薪懈泻褋邪 (2007),Adventure|Children|Fantasy,胁芯谢褕械斜薪芯械|锌褉懈泻谢褞褔械薪褔械褋泻芯械|褋械屑械泄薪芯械
59,袚邪褉褉懈 袩芯褌褌械褉 懈 袩褉懈薪褑-锌芯谢褍泻褉芯胁泻邪 (2009),Adventure|Children|Fantasy,胁芯谢褕械斜薪芯械|锌褉懈泻谢褞褔械薪褔械褋泻芯械|褋械屑械泄薪芯械
60,袚邪褉褉懈 袩芯褌褌械褉 懈 袛邪褉褘 小屑械褉褌懈. 效邪褋褌褜 1 (2010),Adventure|Children|Fantasy|Mystery,胁芯谢褕械斜薪芯械|蟹邪谐邪写芯褔薪芯械|锌褉懈泻谢褞褔械薪褔械褋泻芯械|褋械屑械泄薪芯械
61,袚邪褉褉懈 袩芯褌褌械褉 懈 袛邪褉褘 小屑械褉褌懈. 效邪褋褌褜 2 (2011),Adventure|Children|Fantasy|Mystery,胁芯谢褕械斜薪芯械|蟹邪谐邪写芯褔薪芯械|锌褉懈泻谢褞褔械薪褔械褋泻芯械|褋械屑械泄薪芯械
62,袦邪谢械薪褜泻懈械 卸械薪褖懈薪褘 (2019),Drama|Romance,褉芯屑邪薪褌懈褔械褋泻芯械
63,袨屑械褉蟹懈褌械谢褜薪邪褟 胁芯褋褜屑褢褉泻邪 (2015),Crime|Drama|Mystery|Western,蟹邪谐邪写芯褔薪芯械|薪邪锌褉褟卸褢薪薪芯械|锌褉懈泻谢褞褔械薪褔械褋泻芯械|褝屑芯褑懈芯薪邪谢褜薪芯械
64,小锌谢懈褌 (2016),Horror|Thriller,褋褌褉邪褕薪芯械
65,袩褉芯褔褜 (2017),Horror|Mystery|Thriller,蟹邪谐邪写芯褔薪芯械|褋褌褉邪褕薪芯械
66,袛褞薪泻械褉泻 (2017),Action|Drama|Thriller|War,写懈薪邪屑懈褔薪芯械|写褉邪屑邪褌懈褔薪芯械|薪邪锌褉褟卸褢薪薪芯械|褝屑芯褑懈芯薪邪谢褜薪芯械
67,袥懈谐邪 褋锌褉邪胁械写谢懈胁芯褋褌懈 (2017),Action|Adventure|Fantasy|Sci-Fi,胁芯谢褕械斜薪芯械|写懈薪邪屑懈褔薪芯械|锌褉懈泻谢褞褔械薪褔械褋泻芯械|褎褍褌褍褉懈褋褌懈褔械褋泻芯械
68,效褍写芯-卸械薪褖懈薪邪 (2017),Action|Adventure|Fantasy|Sci-Fi|War,胁芯谢褕械斜薪芯械|写懈薪邪屑懈褔薪芯械|写褉邪屑邪褌懈褔薪芯械|锌褉懈泻谢褞褔械薪褔械褋泻芯械|褎褍褌褍褉懈褋褌懈褔械褋泻芯械
69,袥芯谐邪薪 (2017),Action|Drama|Sci-Fi|Thriller,写懈薪邪屑懈褔薪芯械|薪邪锌褉褟卸褢薪薪芯械|褎褍褌褍褉懈褋褌懈褔械褋泻芯械|褝屑芯褑懈芯薪邪谢褜薪芯械
70,袟胁褢蟹写薪褘械 胁芯泄薪褘: 袩芯褋谢械写薪懈械 写卸械写邪懈 (2017),Action|Adventure|Fantasy|Sci-Fi,胁芯谢褕械斜薪芯械|写懈薪邪屑懈褔薪芯械|锌褉懈泻谢褞褔械薪褔械褋泻芯械|褎褍褌褍褉懈褋褌懈褔械褋泻芯械
71,袟胁褢蟹写薪褘械 胁芯泄薪褘: 小泻邪泄褍芯泻械褉. 袙芯褋褏芯写 (2019),Action|Adventure|Fantasy|Sci-Fi,胁芯谢褕械斜薪芯械|写懈薪邪屑懈褔薪芯械|锌褉懈泻谢褞褔械薪褔械褋泻芯械|褎褍褌褍褉懈褋褌懈褔械褋泻芯械
72,袟胁褢蟹写薪褘械 胁芯泄薪褘: 小芯谢写邪褌褘 袪械褋锌褍斜谢懈泻懈 (2005),Action|Adventure|Animation|Sci-Fi,写懈薪邪屑懈褔薪芯械|谢褢谐泻芯械|锌褉懈泻谢褞褔械薪褔械褋泻芯械|褎褍褌褍褉懈褋褌懈褔械褋泻芯械
73,袟胁褢蟹写薪褘械 胁芯泄薪褘: 袗褌邪泻邪 泻谢芯薪芯胁 (2002),Action|Adventure|Sci-Fi,写懈薪邪屑懈褔薪芯械|锌褉懈泻谢褞褔械薪褔械褋泻芯械|褎褍褌褍褉懈褋褌懈褔械褋泻芯械
74,袟胁褢蟹写薪褘械 胁芯泄薪褘: 袦械褋褌褜 褋懈褌褏芯胁 (2005),Action|Adventure|Sci-Fi,写懈薪邪屑懈褔薪芯械|锌褉懈泻谢褞褔械薪褔械褋泻芯械|褎褍褌褍褉懈褋褌懈褔械褋泻芯械
75,袚褉邪胁懈褌邪褑懈褟 (2013),Drama|Sci-Fi|Thriller,薪邪锌褉褟卸褢薪薪芯械|褎褍褌褍褉懈褋褌懈褔械褋泻芯械|褝屑芯褑懈芯薪邪谢褜薪芯械
76,袚褉邪薪褜 斜褍写褍褖械谐芯 (2014),Action|Adventure|Sci-Fi,写懈薪邪屑懈褔薪芯械|锌褉懈泻谢褞褔械薪褔械褋泻芯械|褎褍褌褍褉懈褋褌懈褔械褋泻芯械
77,袦邪褉褋懈邪薪懈薪 (2015),Adventure|Drama|Sci-Fi,锌褉懈泻谢褞褔械薪褔械褋泻芯械|褎褍褌褍褉懈褋褌懈褔械褋泻芯械|褝屑芯褑懈芯薪邪谢褜薪芯械
78,袩邪褋褋邪卸懈褉褘 (2016),Drama|Romance|Sci-Fi,褉芯屑邪薪褌懈褔械褋泻芯械|褎褍褌褍褉懈褋褌懈褔械褋泻芯械
79,袩褉懈斜褘褌懈械 (2016),Drama|Sci-Fi,褎褍褌褍褉懈褋褌懈褔械褋泻芯械|褝屑芯褑懈芯薪邪谢褜薪芯械
80,袘械谐褍褖懈泄 锌芯 谢械蟹胁懈褞 2049 (2017),Drama|Mystery|Sci-Fi|Thriller,蟹邪谐邪写芯褔薪芯械|薪邪锌褉褟卸褢薪薪芯械|褎褍褌褍褉懈褋褌懈褔械褋泻芯械|褝屑芯褑懈芯薪邪谢褜薪芯械
81,袛芯泻褌芯褉 小褌褉褝薪写卸 (2016),Action|Adventure|Fantasy|Sci-Fi,胁芯谢褕械斜薪芯械|写懈薪邪屑懈褔薪芯械|锌褉懈泻谢褞褔械薪褔械褋泻芯械|褎褍褌褍褉懈褋褌懈褔械褋泻芯械
82,效褢褉薪邪褟 袩邪薪褌械褉邪 (2018),Action|Adventure|Sci-Fi,写懈薪邪屑懈褔薪芯械|锌褉懈泻谢褞褔械薪褔械褋泻芯械|褎褍褌褍褉懈褋褌懈褔械褋泻芯械
83,袣邪锌懈褌邪薪 袦邪褉胁械谢 (2019),Action|Adventure|Sci-Fi,写懈薪邪屑懈褔薪芯械|锌褉懈泻谢褞褔械薪褔械褋泻芯械|褎褍褌褍褉懈褋褌懈褔械褋泻芯械
84,效械谢芯胁械泻-锌邪褍泻: 袩邪褍褌懈薪邪 胁褋械谢械薪薪褘褏 (2018),Animation|Action|Adventure|Sci-Fi,写懈薪邪屑懈褔薪芯械|谢褢谐泻芯械|锌褉懈泻谢褞褔械薪褔械褋泻芯械|褎褍褌褍褉懈褋褌懈褔械褋泻芯械
85,啸懈褖薪褘械 锌褌懈褑褘 (2020),Action|Adventure|Crime,写懈薪邪屑懈褔薪芯械|薪邪锌褉褟卸褢薪薪芯械|锌褉懈泻谢褞褔械薪褔械褋泻芯械
86,袛卸械薪褌谢褜屑械薪褘 (2019),Action|Comedy|Crime,胁械褋械谢芯械
87,袛芯胁芯写 (2020),Action|Sci-Fi|Thriller,写懈薪邪屑懈褔薪芯械|薪邪锌褉褟卸褢薪薪芯械|褎褍褌褍褉懈褋褌懈褔械褋泻芯械
88,007: 袧械褌 胁褉械屑械薪懈 褍屑懈褉邪褌褜 (2021),Action|Adventure|Thriller,写懈薪邪屑懈褔薪芯械|薪邪锌褉褟卸褢薪薪芯械|锌褉懈泻谢褞褔械薪褔械褋泻芯械
89,袛褞薪邪 (2021),Adventure|Drama|Sci-Fi,锌褉懈泻谢褞褔械薪褔械褋泻芯械|褎褍褌褍褉懈褋褌懈褔械褋泻芯械|褝屑芯褑懈芯薪邪谢褜薪芯械
90,楔邪蟹邪屑! (2019),Action|Comedy|Fantasy,胁械褋械谢芯械
91,袛卸芯泻械褉: 袘械蟹褍屑懈械 薪邪 写胁芯懈褏 (2024),Animation|Comedy|Crime|Musical,胁械褋械谢芯械
92,袨锌锌械薪谐械泄屑械褉 (2023),Biography|Drama|History,写褉邪屑邪褌懈褔薪芯械|褝屑芯褑懈芯薪邪谢褜薪芯械
93,袘邪褉斜懈 (2023),Adventure|Comedy|Fantasy,胁械褋械谢芯械
94,袛褞薪邪: 效邪褋褌褜 胁褌芯褉邪褟 (2024),Adventure|Drama|Sci-Fi,锌褉懈泻谢褞褔械薪褔械褋泻芯械|褎褍褌褍褉懈褋褌懈褔械褋泻芯械|褝屑芯褑懈芯薪邪谢褜薪芯械
95,袘褉邪褌 (1997),Crime|Drama|Thriller,薪邪锌褉褟卸褢薪薪芯械|褝屑芯褑懈芯薪邪谢褜薪芯械
96,袘褉邪褌 2 (2000),Crime|Drama|Thriller,薪邪锌褉褟卸褢薪薪芯械|褝屑芯褑懈芯薪邪谢褜薪芯械
97,9 褉芯褌邪 (2005),Drama|War,写褉邪屑邪褌懈褔薪芯械|褝屑芯褑懈芯薪邪谢褜薪芯械
98,袙芯泄薪邪 屑懈褉芯胁 Z (2013),Action|Adventure|Horror|Sci-Fi,写懈薪邪屑懈褔薪芯械|锌褉懈泻谢褞褔械薪褔械褋泻芯械|褋褌褉邪褕薪芯械|褎褍褌褍褉懈褋褌懈褔械褋泻芯械
99,效械谢芯胁械泻-锌邪褍泻: 袧械褌 锌褍褌懈 写芯屑芯泄 (2021),Action|Adventure|Fantasy|Sci-Fi,胁芯谢褕械斜薪芯械|写懈薪邪屑懈褔薪芯械|锌褉懈泻谢褞褔械薪褔械褋泻芯械|褎褍褌褍褉懈褋褌懈褔械褋泻芯械
100,袙褋褢 胁械蟹写械 懈 褋褉邪蟹褍 (2022),Action|Adventure|Comedy|Sci-Fi,胁械褋械谢芯械
101,袗泻胁邪屑械薪 (2018),Action|Adventure|Fantasy|Sci-Fi,胁芯谢褕械斜薪芯械|写懈薪邪屑懈褔薪芯械|锌褉懈泻谢褞褔械薪褔械褋泻芯械|褎褍褌褍褉懈褋褌懈褔械褋泻芯械
102,效褢褉薪邪褟 胁写芯胁邪 (2021),Action|Adventure|Sci-Fi|Thriller,写懈薪邪屑懈褔薪芯械|薪邪锌褉褟卸褢薪薪芯械|锌褉懈泻谢褞褔械薪褔械褋泻芯械|褎褍褌褍褉懈褋褌懈褔械褋泻芯械
103,袧芯褔薪芯泄 泻芯褕屑邪褉 锌械褉械写 袪芯卸写械褋褌胁芯屑 (1993),Animation|Comedy|Fantasy|Musical,胁械褋械谢芯械
104,孝懈褏芯械 屑械褋褌芯 2 (2020),Drama|Horror|Sci-Fi|Thriller,褋褌褉邪褕薪芯械|褎褍褌褍褉懈褋褌懈褔械褋泻芯械|褝屑芯褑懈芯薪邪谢褜薪芯械
105,袣褉懈泻 (2022),Horror|Mystery|Thriller,蟹邪谐邪写芯褔薪芯械|褋褌褉邪褕薪芯械
106,袣褉懈泻 VI (2023),Horror|Mystery|Thriller,蟹邪谐邪写芯褔薪芯械|褋褌褉邪褕薪芯械
107,袧械褌 (2022),Horror|Mystery|Sci-Fi|Thriller,蟹邪谐邪写芯褔薪芯械|褋褌褉邪褕薪芯械|褎褍褌褍褉懈褋褌懈褔械褋泻芯械
108,小懈褟薪懈械 (1980),Drama|Horror,褋褌褉邪褕薪芯械|褝屑芯褑懈芯薪邪谢褜薪芯械
109,效褍卸懈械 (1986),Action|Adventure|Horror|Sci-Fi,写懈薪邪屑懈褔薪芯械|锌褉懈泻谢褞褔械薪褔械褋泻芯械|褋褌褉邪褕薪芯械|褎褍褌褍褉懈褋褌懈褔械褋泻芯械
110,孝械褉屑懈薪邪褌芯褉 (1984),Action|Sci-Fi,写懈薪邪屑懈褔薪芯械|褎褍褌褍褉懈褋褌懈褔械褋泻芯械
111,袛芯泻褌芯褉 小褌褉褝薪写卸: 袙 屑褍谢褜褌懈胁褋械谢械薪薪芯泄 斜械蟹褍屑懈褟 (2022),Action|Adventure|Fantasy|Horror|Sci-Fi,胁芯谢褕械斜薪芯械|写懈薪邪屑懈褔薪芯械|锌褉懈泻谢褞褔械薪褔械褋泻芯械|褋褌褉邪褕薪芯械|褎褍褌褍褉懈褋褌懈褔械褋泻芯械
112,孝芯褉: 袥褞斜芯胁褜 懈 谐褉芯屑 (2022),Action|Adventure|Comedy|Fantasy|Sci-Fi,胁械褋械谢芯械
113,袛械薪褜 褋褍褉泻邪 (1993),Comedy|Fantasy|Romance,胁械褋械谢芯械
114,袦懈褋褋懈褟 薪械胁褘锌芯谢薪懈屑邪: 小屑械褉褌械谢褜薪邪褟 褉邪褋锌谢邪褌邪. 效邪褋褌褜 1 (2023),Action|Adventure|Thriller,写懈薪邪屑懈褔薪芯械|薪邪锌褉褟卸褢薪薪芯械|锌褉懈泻谢褞褔械薪褔械褋泻芯械
115,效褢褉薪邪褟 袩邪薪褌械褉邪: 袙邪泻邪薪写邪 薪邪胁械泻懈 (2022),Action|Adventure|Drama,写懈薪邪屑懈褔薪芯械|锌褉懈泻谢褞褔械薪褔械褋泻芯械|褝屑芯褑懈芯薪邪谢褜薪芯械
116,袦芯谢褔邪薪懈械 褟谐薪褟褌 (1991),Crime|Drama|Thriller,薪邪锌褉褟卸褢薪薪芯械|褝屑芯褑懈芯薪邪谢褜薪芯械
117,孝邪泻褋懈褋褌 (1976),Crime|Drama,薪邪锌褉褟卸褢薪薪芯械|褝屑芯褑懈芯薪邪谢褜薪芯械
118,袨写懈薪 写芯屑邪 (1990),Children|Comedy,胁械褋械谢芯械
119,袨写懈薪 写芯屑邪 2: 袟邪褌械褉褟薪薪褘泄 胁 袧褜褞-袡芯褉泻械 (1992),Children|Comedy,胁械褋械谢芯械
120,袣褉芯谢懈泻 袩懈褌械褉 (2018),Animation|Comedy|Family,胁械褋械谢芯械
121,啸芯谢芯写薪芯械 褋械褉写褑械 (2013),Animation|Adventure|Children|Comedy|Fantasy|Musical|Romance,胁械褋械谢芯械
122,啸芯谢芯写薪芯械 褋械褉写褑械 2 (2019),Animation|Adventure|Children|Comedy|Fantasy|Musical,胁械褋械谢芯械
123,袪邪锌褍薪褑械谢褜: 袟邪锌褍褌邪薪薪邪褟 懈褋褌芯褉懈褟 (2010),Animation|Adventure|Children|Comedy|Fantasy|Musical|Romance,胁械褋械谢芯械
124,袦芯邪薪邪 (2016),Animation|Adventure|Children|Comedy|Fantasy|Musical,胁械褋械谢芯械
125,袚芯谢芯胁芯谢芯屑泻邪 (2015),Animation|Adventure|Children|Comedy|Drama|Family|Fantasy,胁械褋械谢芯械
126,袙胁械褉褏 (2009),Animation|Adventure|Children|Comedy|Drama,胁械褋械谢芯械
127,袪邪褌邪褌褍泄 (2007),Animation|Children|Comedy|Drama,胁械褋械谢芯械
128,袣芯褉芯谢褜 袥械胁 (1994),Animation|Children|Drama|Musical|Romance,谢褢谐泻芯械|屑褍蟹褘泻邪谢褜薪芯械|褉芯屑邪薪褌懈褔械褋泻芯械|褋械屑械泄薪芯械
129,袣芯褉芯谢褜 袥械胁 (2019),Adventure|Children|Drama|Musical,屑褍蟹褘泻邪谢褜薪芯械|锌褉懈泻谢褞褔械薪褔械褋泻芯械|褋械屑械泄薪芯械|褝屑芯褑懈芯薪邪谢褜薪芯械
130,袗谢邪写写懈薪 (1992),Animation|Adventure|Children|Comedy|Fantasy|Musical|Romance,胁械褋械谢芯械
131,袗谢邪写写懈薪 (2019),Adventure|Comedy|Family|Fantasy|Musical|Romance,胁械褋械谢芯械
132,袦褍谢邪薪 (1998),Animation|Adventure|Children|Drama|Musical|Romance|War,写褉邪屑邪褌懈褔薪芯械|谢褢谐泻芯械|屑褍蟹褘泻邪谢褜薪芯械|锌褉懈泻谢褞褔械薪褔械褋泻芯械|褉芯屑邪薪褌懈褔械褋泻芯械|褋械屑械泄薪芯械
133,袦褍谢邪薪 (2020),Action|Adventure|Drama|Family|Fantasy|War,胁芯谢褕械斜薪芯械|写懈薪邪屑懈褔薪芯械|写褉邪屑邪褌懈褔薪芯械|锌褉懈泻谢褞褔械薪褔械褋泻芯械|褝屑芯褑懈芯薪邪谢褜薪芯械
134,袣褉邪褋邪胁懈褑邪 懈 褔褍写芯胁懈褖械 (1991),Animation|Children|Fantasy|Musical|Romance,胁芯谢褕械斜薪芯械|谢褢谐泻芯械|屑褍蟹褘泻邪谢褜薪芯械|褉芯屑邪薪褌懈褔械褋泻芯械|褋械屑械泄薪芯械
135,袣褉邪褋邪胁懈褑邪 懈 褔褍写芯胁懈褖械 (2017),Adventure|Family|Fantasy|Musical|Romance,胁芯谢褕械斜薪芯械|屑褍蟹褘泻邪谢褜薪芯械|锌褉懈泻谢褞褔械薪褔械褋泻芯械|褉芯屑邪薪褌懈褔械褋泻芯械
136,袪褍褋邪谢芯褔泻邪 (1989),Animation|Children|Fantasy|Musical|Romance,胁芯谢褕械斜薪芯械|谢褢谐泻芯械|屑褍蟹褘泻邪谢褜薪芯械|褉芯屑邪薪褌懈褔械褋泻芯械|褋械屑械泄薪芯械
137,袪褍褋邪谢芯褔泻邪 (2023),Adventure|Family|Fantasy|Musical|Romance,胁芯谢褕械斜薪芯械|屑褍蟹褘泻邪谢褜薪芯械|锌褉懈泻谢褞褔械薪褔械褋泻芯械|褉芯屑邪薪褌懈褔械褋泻芯械
138,小锌褟褖邪褟 泻褉邪褋邪胁懈褑邪 (1959),Animation|Children|Fantasy|Musical|Romance,胁芯谢褕械斜薪芯械|谢褢谐泻芯械|屑褍蟹褘泻邪谢褜薪芯械|褉芯屑邪薪褌懈褔械褋泻芯械|褋械屑械泄薪芯械
139,袟芯谢褍褕泻邪 (1950),Animation|Children|Fantasy|Musical|Romance,胁芯谢褕械斜薪芯械|谢褢谐泻芯械|屑褍蟹褘泻邪谢褜薪芯械|褉芯屑邪薪褌懈褔械褋泻芯械|褋械屑械泄薪芯械
140,袟芯谢褍褕泻邪 (2015),Children|Drama|Fantasy|Romance,胁芯谢褕械斜薪芯械|褉芯屑邪薪褌懈褔械褋泻芯械|褋械屑械泄薪芯械
141,"啸褉芯薪懈泻懈 袧邪褉薪懈懈: 袥械胁, 泻芯谢写褍薪褜褟 懈 胁芯谢褕械斜薪褘泄 褕泻邪褎 (2005)",Adventure|Children|Fantasy,胁芯谢褕械斜薪芯械|锌褉懈泻谢褞褔械薪褔械褋泻芯械|褋械屑械泄薪芯械
142,啸褉芯薪懈泻懈 袧邪褉薪懈懈: 袩褉懈薪褑 袣邪褋锌懈邪薪 (2008),Adventure|Children|Fantasy,胁芯谢褕械斜薪芯械|锌褉懈泻谢褞褔械薪褔械褋泻芯械|褋械屑械泄薪芯械
143,啸褉芯薪懈泻懈 袧邪褉薪懈懈: 袩芯泻芯褉懈褌械谢褜 蟹邪褉懈 (2010),Adventure|Children|Fantasy,胁芯谢褕械斜薪芯械|锌褉懈泻谢褞褔械薪褔械褋泻芯械|褋械屑械泄薪芯械
144,袗胁邪褌邪褉: 袩褍褌褜 胁芯写褘 (2022),Action|Adventure|Drama|Sci-Fi,写懈薪邪屑懈褔薪芯械|锌褉懈泻谢褞褔械薪褔械褋泻芯械|褎褍褌褍褉懈褋褌懈褔械褋泻芯械|褝屑芯褑懈芯薪邪谢褜薪芯械
145,孝芯锌 袚邪薪: 袦褝胁械褉懈泻 (2022),Action|Drama,写懈薪邪屑懈褔薪芯械|褝屑芯褑懈芯薪邪谢褜薪芯械
146,协谢胁懈褋 (2022),Biography|Drama|Musical,屑褍蟹褘泻邪谢褜薪芯械|褝屑芯褑懈芯薪邪谢褜薪芯械
147,啸芯谢芯锌 (2019),Comedy,胁械褋械谢芯械
148,孝-34 (2018),Action|Drama|War,写懈薪邪屑懈褔薪芯械|写褉邪屑邪褌懈褔薪芯械|褝屑芯褑懈芯薪邪谢褜薪芯械
149,袦邪泄芯褉 袚褉芯屑: 效褍屑薪芯泄 袛芯泻褌芯褉 (2021),Action|Crime|Thriller,写懈薪邪屑懈褔薪芯械|薪邪锌褉褟卸褢薪薪芯械
150,袩芯褋谢械写薪懈泄 斜芯谐邪褌褘褉褜 (2017),Adventure|Comedy|Fantasy,胁械褋械谢芯械
151,袥褢写 (2018),Drama|Romance|Sport,写懈薪邪屑懈褔薪芯械|褉芯屑邪薪褌懈褔械褋泻芯械
152,袛胁懈卸械薪懈械 胁胁械褉褏 (2017),Drama|Sport,写懈薪邪屑懈褔薪芯械|褝屑芯褑懈芯薪邪谢褜薪芯械
153,小芯斜懈斜芯褉 (2018),Drama|War|History,写褉邪屑邪褌懈褔薪芯械|褝屑芯褑懈芯薪邪谢褜薪芯械
154,小芯谢薪褑械锌褢泻 (2023),Comedy|Drama,胁械褋械谢芯械
155,袧邪褋谢械写薪懈泻懈 蟹械屑谢懈 (2023),Drama|Romance,褉芯屑邪薪褌懈褔械褋泻芯械
156,袦芯褋泻胁邪 褋谢械蟹邪屑 薪械 胁械褉懈褌 (1980),Drama|Romance,褉芯屑邪薪褌懈褔械褋泻芯械
157,小谢褍卸械斜薪褘泄 褉芯屑邪薪 (1977),Comedy|Romance,胁械褋械谢芯械
158,楔邪薪-效懈 懈 谢械谐械薪写邪 写械褋褟褌懈 泻芯谢械褑 (2021),Action|Adventure|Fantasy,胁芯谢褕械斜薪芯械|写懈薪邪屑懈褔薪芯械|锌褉懈泻谢褞褔械薪褔械褋泻芯械
159,协褌械褉薪邪谢褋 (2021),Action|Adventure|Fantasy|Sci-Fi,胁芯谢褕械斜薪芯械|写懈薪邪屑懈褔薪芯械|锌褉懈泻谢褞褔械薪褔械褋泻芯械|褎褍褌褍褉懈褋褌懈褔械褋泻芯械
160,袦懈薪褜芯薪褘: 袚褉褞胁懈褌邪褑懈褟 (2022),Animation|Adventure|Comedy|Family,胁械褋械谢芯械
161,袚芯写蟹懈谢谢邪 锌褉芯褌懈胁 袣芯薪谐邪 (2021),Action|Adventure|Sci-Fi|Thriller,写懈薪邪屑懈褔薪芯械|薪邪锌褉褟卸褢薪薪芯械|锌褉懈泻谢褞褔械薪褔械褋泻芯械|褎褍褌褍褉懈褋褌懈褔械褋泻芯械
162,袦芯褉斜懈褍褋 (2022),Action|Adventure|Horror|Sci-Fi,写懈薪邪屑懈褔薪芯械|锌褉懈泻谢褞褔械薪褔械褋泻芯械|褋褌褉邪褕薪芯械|褎褍褌褍褉懈褋褌懈褔械褋泻芯械
163,袗薪褌懈-谐械褉芯泄 (2021),Action|Adventure|Comedy|Sci-Fi,胁械褋械谢芯械
164,效褍写芯-卸械薪褖懈薪邪 1984 (2020),Action|Adventure|Fantasy|Sci-Fi,胁芯谢褕械斜薪芯械|写懈薪邪屑懈褔薪芯械|锌褉懈泻谢褞褔械薪褔械褋泻芯械|褎褍褌褍褉懈褋褌懈褔械褋泻芯械
165,袦懈褋褋懈褟 薪械胁褘锌芯谢薪懈屑邪: 小屑械褉褌械谢褜薪邪褟 褉邪褋锌谢邪褌邪. 效邪褋褌褜 2 (2025),Action|Adventure|Thriller,写懈薪邪屑懈褔薪芯械|薪邪锌褉褟卸褢薪薪芯械|锌褉懈泻谢褞褔械薪褔械褋泻芯械
166,衼卸懈泻 胁 褌褍屑邪薪械 (1975),Animation|Children|Drama|Fantasy,胁芯谢褕械斜薪芯械|谢褢谐泻芯械|褋械屑械泄薪芯械|褝屑芯褑懈芯薪邪谢褜薪芯械
167,袙懈薪薪懈-袩褍褏 (1969),Animation|Children|Comedy,胁械褋械谢芯械
168,袙懈薪薪懈-袩褍褏 懈写褢褌 胁 谐芯褋褌懈 (1971),Animation|Children|Comedy,胁械褋械谢芯械
169,袙懈薪薪懈-袩褍褏 懈 写械薪褜 蟹邪斜芯褌 (1972),Animation|Children|Comedy,胁械褋械谢芯械
170,孝褉懈 斜芯谐邪褌褘褉褟 懈 袣芯薪褜 薪邪 褌褉芯薪械 (2017),Animation|Adventure|Children|Comedy|Fantasy,胁械褋械谢芯械
171,孝褉懈 斜芯谐邪褌褘褉褟 懈 锌褉懈薪褑械褋褋邪 袝谐懈锌褌邪 (2020),Animation|Adventure|Children|Comedy|Fantasy,胁械褋械谢芯械
172,袦邪褕邪 懈 袦械写胁械写褜 (2009),Animation|Children|Comedy,胁械褋械谢芯械
173,袥褍薪褌懈泻 (2006),Animation|Children|Comedy,胁械褋械谢芯械
174,"袧褍, 锌芯谐芯写懈! (1969)",Animation|Children|Comedy,胁械褋械谢芯械
175,效械斜褍褉邪褕泻邪 (2023),Adventure|Children|Comedy|Family,胁械褋械谢芯械
176,小械屑褜 褋邪屑褍褉邪械胁 (1954),Action|Adventure|Drama,写懈薪邪屑懈褔薪芯械|锌褉懈泻谢褞褔械薪褔械褋泻芯械|褝屑芯褑懈芯薪邪谢褜薪芯械
177,袪邪褕芯屑芯薪 (1950),Crime|Drama|Mystery,蟹邪谐邪写芯褔薪芯械|薪邪锌褉褟卸褢薪薪芯械|褝屑芯褑懈芯薪邪谢褜薪芯械
178,校薪械褋褢薪薪褘械 锌褉懈蟹褉邪泻邪屑懈 (2001),Animation|Adventure|Children|Fantasy|Mystery,胁芯谢褕械斜薪芯械|蟹邪谐邪写芯褔薪芯械|谢褢谐泻芯械|锌褉懈泻谢褞褔械薪褔械褋泻芯械|褋械屑械泄薪芯械
179,啸芯写褟褔懈泄 蟹邪屑芯泻 (2004),Animation|Adventure|Children|Fantasy|Romance,胁芯谢褕械斜薪芯械|谢褢谐泻芯械|锌褉懈泻谢褞褔械薪褔械褋泻芯械|褉芯屑邪薪褌懈褔械褋泻芯械|褋械屑械泄薪芯械
180,袦芯泄 褋芯褋械写 孝芯褌芯褉芯 (1988),Animation|Children|Fantasy,胁芯谢褕械斜薪芯械|谢褢谐泻芯械|褋械屑械泄薪芯械
181,袣褉褢褋褌薪褘泄 芯褌械褑: 孝褉懈谢芯谐懈褟 (1972-1990),Crime|Drama,薪邪锌褉褟卸褢薪薪芯械|褝屑芯褑懈芯薪邪谢褜薪芯械
182,袙谢邪褋褌械谢懈薪 泻芯谢械褑: 袛胁械 泻褉械锌芯褋褌懈 (2002),Adventure|Fantasy,胁芯谢褕械斜薪芯械|锌褉懈泻谢褞褔械薪褔械褋泻芯械
183,袙谢邪褋褌械谢懈薪 泻芯谢械褑: 袙芯蟹胁褉邪褖械薪懈械 泻芯褉芯谢褟 (2003),Adventure|Fantasy|War,胁芯谢褕械斜薪芯械|写褉邪屑邪褌懈褔薪芯械|锌褉懈泻谢褞褔械薪褔械褋泻芯械
184,袚邪褉褉懈 袩芯褌褌械褉 懈 袨褉写械薪 肖械薪懈泻褋邪 (2007),Adventure|Children|Fantasy,胁芯谢褕械斜薪芯械|锌褉懈泻谢褞褔械薪褔械褋泻芯械|褋械屑械泄薪芯械
185,袚邪褉褉懈 袩芯褌褌械褉 懈 袩褉懈薪褑-锌芯谢褍泻褉芯胁泻邪 (2009),Adventure|Children|Fantasy,胁芯谢褕械斜薪芯械|锌褉懈泻谢褞褔械薪褔械褋泻芯械|褋械屑械泄薪芯械
186,袚邪褉褉懈 袩芯褌褌械褉 懈 袛邪褉褘 小屑械褉褌懈. 效邪褋褌褜 1 (2010),Adventure|Children|Fantasy|Mystery,胁芯谢褕械斜薪芯械|蟹邪谐邪写芯褔薪芯械|锌褉懈泻谢褞褔械薪褔械褋泻芯械|褋械屑械泄薪芯械
187,袚邪褉褉懈 袩芯褌褌械褉 懈 袛邪褉褘 小屑械褉褌懈. 效邪褋褌褜 2 (2011),Adventure|Children|Fantasy|Mystery,胁芯谢褕械斜薪芯械|蟹邪谐邪写芯褔薪芯械|锌褉懈泻谢褞褔械薪褔械褋泻芯械|褋械屑械泄薪芯械
188,袦褋褌懈褌械谢懈 (2012),Action|Adventure|Sci-Fi,写懈薪邪屑懈褔薪芯械|锌褉懈泻谢褞褔械薪褔械褋泻芯械|褎褍褌褍褉懈褋褌懈褔械褋泻芯械
189,袦褋褌懈褌械谢懈: 协褉邪 袗谢褜褌褉芯薪邪 (2015),Action|Adventure|Sci-Fi,写懈薪邪屑懈褔薪芯械|锌褉懈泻谢褞褔械薪褔械褋泻芯械|褎褍褌褍褉懈褋褌懈褔械褋泻芯械
190,袦褋褌懈褌械谢懈: 袙芯泄薪邪 斜械褋泻芯薪械褔薪芯褋褌懈 (2018),Action|Adventure|Sci-Fi,写懈薪邪屑懈褔薪芯械|锌褉懈泻谢褞褔械薪褔械褋泻芯械|褎褍褌褍褉懈褋褌懈褔械褋泻芯械
191,袦褋褌懈褌械谢懈: 肖懈薪邪谢 (2019),Action|Adventure|Drama|Sci-Fi,写懈薪邪屑懈褔薪芯械|锌褉懈泻谢褞褔械薪褔械褋泻芯械|褎褍褌褍褉懈褋褌懈褔械褋泻芯械|褝屑芯褑懈芯薪邪谢褜薪芯械
192,袞械谢械蟹薪褘泄 褔械谢芯胁械泻 (2008),Action|Adventure|Sci-Fi,写懈薪邪屑懈褔薪芯械|锌褉懈泻谢褞褔械薪褔械褋泻芯械|褎褍褌褍褉懈褋褌懈褔械褋泻芯械
193,袞械谢械蟹薪褘泄 褔械谢芯胁械泻 2 (2010),Action|Adventure|Sci-Fi,写懈薪邪屑懈褔薪芯械|锌褉懈泻谢褞褔械薪褔械褋泻芯械|褎褍褌褍褉懈褋褌懈褔械褋泻芯械
194,袞械谢械蟹薪褘泄 褔械谢芯胁械泻 3 (2013),Action|Adventure|Sci-Fi,写懈薪邪屑懈褔薪芯械|锌褉懈泻谢褞褔械薪褔械褋泻芯械|褎褍褌褍褉懈褋褌懈褔械褋泻芯械
195,孝芯褉 (2011),Action|Adventure|Fantasy|Sci-Fi,胁芯谢褕械斜薪芯械|写懈薪邪屑懈褔薪芯械|锌褉懈泻谢褞褔械薪褔械褋泻芯械|褎褍褌褍褉懈褋褌懈褔械褋泻芯械
196,孝芯褉 2: 笑邪褉褋褌胁芯 褌褜屑褘 (2013),Action|Adventure|Fantasy|Sci-Fi,胁芯谢褕械斜薪芯械|写懈薪邪屑懈褔薪芯械|锌褉懈泻谢褞褔械薪褔械褋泻芯械|褎褍褌褍褉懈褋褌懈褔械褋泻芯械
197,孝芯褉: 袪邪谐薪邪褉褢泻 (2017),Action|Adventure|Comedy|Fantasy|Sci-Fi,胁械褋械谢芯械
198,小褌褉邪卸懈 袚邪谢邪泻褌懈泻懈 (2014),Action|Adventure|Comedy|Sci-Fi,胁械褋械谢芯械
199,小褌褉邪卸懈 袚邪谢邪泻褌懈泻懈 2 (2017),Action|Adventure|Comedy|Sci-Fi,胁械褋械谢芯械
200,小褌褉邪卸懈 袚邪谢邪泻褌懈泻懈 3 (2023),Action|Adventure|Comedy|Drama|Sci-Fi,胁械褋械谢芯械
